ARS_K,ARS_P,RVI_P,QSt_P,ADX_P,MinScore,NetLot,Net Profit,Trades,PF
0.01,3,10,8,21,3,20,3092.0,2771,1.0780118582061309
0.015,8,10,8,21,3,20,3092.0,2771,1.0780118582061309
0.01,8,10,8,21,3,20,3092.0,2771,1.0780118582061309
0.02,5,10,8,21,3,20,3092.0,2771,1.0780118582061309
0.02,8,10,8,21,3,20,3092.0,2771,1.0780118582061309
0.01,5,10,8,21,3,20,3092.0,2771,1.0780118582061309
0.02,3,10,8,21,3,20,3092.0,2771,1.0780118582061309
0.015,3,10,8,21,3,20,3092.0,2771,1.0780118582061309
0.015,5,10,8,21,3,20,3092.0,2771,1.0780118582061309
0.015,8,14,13,21,3,20,3071.0,2425,1.0847406181015453
0.02,3,14,13,21,3,20,3071.0,2425,1.0847406181015453
0.01,5,14,13,21,3,20,3071.0,2425,1.0847406181015453
0.02,5,14,13,21,3,20,3071.0,2425,1.0847406181015453
0.015,3,14,13,21,3,20,3071.0,2425,1.0847406181015453
0.02,8,14,13,21,3,20,3071.0,2425,1.0847406181015453
0.015,5,14,13,21,3,20,3071.0,2425,1.0847406181015453
0.01,3,14,13,21,3,20,3071.0,2425,1.0847406181015453
0.01,8,14,13,21,3,20,3071.0,2425,1.0847406181015453
0.015,8,21,8,21,4,10,2996.0,2277,1.0774120200506434
0.015,3,21,8,21,4,10,2996.0,2277,1.0774120200506434
0.01,3,21,8,21,4,10,2996.0,2277,1.0774120200506434
0.015,5,21,8,21,4,10,2996.0,2277,1.0774120200506434
0.02,8,21,8,21,4,10,2996.0,2277,1.0774120200506434
0.01,5,21,8,21,4,10,2996.0,2277,1.0774120200506434
0.01,8,21,8,21,4,10,2996.0,2277,1.0774120200506434
0.02,3,21,8,21,4,10,2996.0,2277,1.0774120200506434
0.02,5,21,8,21,4,10,2996.0,2277,1.0774120200506434
0.01,5,21,5,21,4,20,2962.0,2460,1.0739557064742453
0.02,5,21,5,21,4,20,2962.0,2460,1.0739557064742453
0.015,5,21,5,21,4,20,2962.0,2460,1.0739557064742453
0.01,3,21,5,21,4,20,2962.0,2460,1.0739557064742453
0.01,8,21,5,21,4,20,2962.0,2460,1.0739557064742453
0.02,8,21,5,21,4,20,2962.0,2460,1.0739557064742453
0.02,3,21,5,21,4,20,2962.0,2460,1.0739557064742453
0.015,8,21,5,21,4,20,2962.0,2460,1.0739557064742453
0.015,3,21,5,21,4,20,2962.0,2460,1.0739557064742453
0.02,8,10,8,21,4,20,2881.0,2076,1.07645560214426
0.02,5,10,8,21,4,20,2881.0,2076,1.07645560214426
0.01,5,10,8,21,4,20,2881.0,2076,1.07645560214426
0.01,3,10,8,21,4,20,2881.0,2076,1.07645560214426
0.015,5,10,8,21,4,20,2881.0,2076,1.07645560214426
0.015,8,10,8,21,4,20,2881.0,2076,1.07645560214426
0.015,3,10,8,21,4,20,2881.0,2076,1.07645560214426
0.01,8,10,8,21,4,20,2881.0,2076,1.07645560214426
0.02,3,10,8,21,4,20,2881.0,2076,1.07645560214426
0.01,8,10,13,21,3,20,2825.0,2300,1.0778623008654429
0.02,8,10,13,21,3,20,2825.0,2300,1.0778623008654429
0.01,3,10,13,21,3,20,2825.0,2300,1.0778623008654429
0.015,3,10,13,21,3,20,2825.0,2300,1.0778623008654429
0.02,3,10,13,21,3,20,2825.0,2300,1.0778623008654429
0.02,5,10,13,21,3,20,2825.0,2300,1.0778623008654429
0.015,5,10,13,21,3,20,2825.0,2300,1.0778623008654429
0.015,8,10,13,21,3,20,2825.0,2300,1.0778623008654429
0.01,5,10,13,21,3,20,2825.0,2300,1.0778623008654429
0.015,5,10,5,21,4,20,2818.0,2483,1.069908211361945
0.015,8,10,5,21,4,20,2818.0,2483,1.069908211361945
0.01,3,10,5,21,4,20,2818.0,2483,1.069908211361945
0.02,8,10,5,21,4,20,2818.0,2483,1.069908211361945
0.015,3,10,5,21,4,20,2818.0,2483,1.069908211361945
0.02,5,10,5,21,4,20,2818.0,2483,1.069908211361945
0.02,3,10,5,21,4,20,2818.0,2483,1.069908211361945
0.01,8,10,5,21,4,20,2818.0,2483,1.069908211361945
0.01,5,10,5,21,4,20,2818.0,2483,1.069908211361945
0.015,8,21,13,21,3,20,2801.0,2457,1.0769420942753543
0.02,8,21,13,21,3,20,2801.0,2457,1.0769420942753543
0.015,5,21,13,21,3,20,2801.0,2457,1.0769420942753543
0.02,5,21,13,21,3,20,2801.0,2457,1.0769420942753543
0.01,3,21,13,21,3,20,2801.0,2457,1.0769420942753543
0.01,5,21,13,21,3,20,2801.0,2457,1.0769420942753543
0.02,3,21,13,21,3,20,2801.0,2457,1.0769420942753543
0.015,3,21,13,21,3,20,2801.0,2457,1.0769420942753543
0.01,8,21,13,21,3,20,2801.0,2457,1.0769420942753543
0.01,3,10,8,21,4,10,2773.0,2350,1.0706550819170892
0.015,8,10,8,21,4,10,2773.0,2350,1.0706550819170892
0.02,8,10,8,21,4,10,2773.0,2350,1.0706550819170892
0.02,3,10,8,21,4,10,2773.0,2350,1.0706550819170892
0.01,5,10,8,21,4,10,2773.0,2350,1.0706550819170892
0.015,5,10,8,21,4,10,2773.0,2350,1.0706550819170892
0.01,8,10,8,21,4,10,2773.0,2350,1.0706550819170892
0.015,3,10,8,21,4,10,2773.0,2350,1.0706550819170892
0.02,5,10,8,21,4,10,2773.0,2350,1.0706550819170892
0.015,5,21,8,21,3,20,2733.0,2869,1.0687063200764242
0.01,3,21,8,21,3,20,2733.0,2869,1.0687063200764242
0.01,5,21,8,21,3,20,2733.0,2869,1.0687063200764242
0.015,8,21,8,21,3,20,2733.0,2869,1.0687063200764242
0.015,3,21,8,21,3,20,2733.0,2869,1.0687063200764242
0.02,3,21,8,21,3,20,2733.0,2869,1.0687063200764242
0.01,8,21,8,21,3,20,2733.0,2869,1.0687063200764242
0.02,5,21,8,21,3,20,2733.0,2869,1.0687063200764242
0.02,8,21,8,21,3,20,2733.0,2869,1.0687063200764242
0.01,8,21,5,21,4,10,2654.0,2925,1.0626445734787329
0.02,3,21,5,21,4,10,2654.0,2925,1.0626445734787329
0.02,8,21,5,21,4,10,2654.0,2925,1.0626445734787329
0.015,5,21,5,21,4,10,2654.0,2925,1.0626445734787329
0.01,3,21,5,21,4,10,2654.0,2925,1.0626445734787329
0.01,5,21,5,21,4,10,2654.0,2925,1.0626445734787329
0.015,3,21,5,21,4,10,2654.0,2925,1.0626445734787329
0.015,8,21,5,21,4,10,2654.0,2925,1.0626445734787329
0.02,5,21,5,21,4,10,2654.0,2925,1.0626445734787329
0.02,3,21,5,21,3,20,2595.0,3322,1.060822688386265
0.015,3,21,5,21,3,20,2595.0,3322,1.060822688386265
0.02,8,21,5,21,3,20,2595.0,3322,1.060822688386265
0.01,8,21,5,21,3,20,2595.0,3322,1.060822688386265
0.01,3,21,5,21,3,20,2595.0,3322,1.060822688386265
0.01,5,21,5,21,3,20,2595.0,3322,1.060822688386265
0.015,8,21,5,21,3,20,2595.0,3322,1.060822688386265
0.015,5,21,5,21,3,20,2595.0,3322,1.060822688386265
0.02,5,21,5,21,3,20,2595.0,3322,1.060822688386265
0.015,3,21,8,21,3,10,2552.0,3384,1.0609578406783708
0.01,5,21,8,21,3,10,2552.0,3384,1.0609578406783708
0.015,8,21,8,21,3,10,2552.0,3384,1.0609578406783708
0.02,3,21,8,21,3,10,2552.0,3384,1.0609578406783708
0.02,5,21,8,21,3,10,2552.0,3384,1.0609578406783708
0.01,8,21,8,21,3,10,2552.0,3384,1.0609578406783708
0.02,8,21,8,21,3,10,2552.0,3384,1.0609578406783708
0.015,5,21,8,21,3,10,2552.0,3384,1.0609578406783708
0.01,3,21,8,21,3,10,2552.0,3384,1.0609578406783708
0.015,5,10,5,21,3,20,2548.0,3182,1.0597743214394633
0.02,3,10,5,21,3,20,2548.0,3182,1.0597743214394633
0.01,8,10,5,21,3,20,2548.0,3182,1.0597743214394633
0.015,8,10,5,21,3,20,2548.0,3182,1.0597743214394633
0.015,3,10,5,21,3,20,2548.0,3182,1.0597743214394633
0.01,5,10,5,21,3,20,2548.0,3182,1.0597743214394633
0.02,8,10,5,21,3,20,2548.0,3182,1.0597743214394633
0.01,3,10,5,21,3,20,2548.0,3182,1.0597743214394633
0.02,5,10,5,21,3,20,2548.0,3182,1.0597743214394633
0.02,5,10,8,21,3,10,2520.0,3296,1.060380975200671
0.01,5,10,8,21,3,10,2520.0,3296,1.060380975200671
0.015,5,10,8,21,3,10,2520.0,3296,1.060380975200671
0.01,3,10,8,21,3,10,2520.0,3296,1.060380975200671
0.015,8,10,8,21,3,10,2520.0,3296,1.060380975200671
0.015,3,10,8,21,3,10,2520.0,3296,1.060380975200671
0.02,8,10,8,21,3,10,2520.0,3296,1.060380975200671
0.02,3,10,8,21,3,10,2520.0,3296,1.060380975200671
0.01,8,10,8,21,3,10,2520.0,3296,1.060380975200671
0.02,3,21,8,21,4,20,2510.0,1999,1.0674169374983213
0.02,5,21,8,21,4,20,2510.0,1999,1.0674169374983213
0.01,3,21,8,21,4,20,2510.0,1999,1.0674169374983213
0.015,5,21,8,21,4,20,2510.0,1999,1.0674169374983213
0.015,8,21,8,21,4,20,2510.0,1999,1.0674169374983213
0.01,5,21,8,21,4,20,2510.0,1999,1.0674169374983213
0.015,3,21,8,21,4,20,2510.0,1999,1.0674169374983213
0.01,8,21,8,21,4,20,2510.0,1999,1.0674169374983213
0.02,8,21,8,21,4,20,2510.0,1999,1.0674169374983213
0.02,5,10,5,21,4,10,2464.0,2944,1.0580392895840203
0.01,3,10,5,21,4,10,2464.0,2944,1.0580392895840203
0.02,8,10,5,21,4,10,2464.0,2944,1.0580392895840203
0.015,3,10,5,21,4,10,2464.0,2944,1.0580392895840203
0.01,5,10,5,21,4,10,2464.0,2944,1.0580392895840203
0.01,8,10,5,21,4,10,2464.0,2944,1.0580392895840203
0.02,3,10,5,21,4,10,2464.0,2944,1.0580392895840203
0.015,8,10,5,21,4,10,2464.0,2944,1.0580392895840203
0.015,5,10,5,21,4,10,2464.0,2944,1.0580392895840203
0.01,5,14,13,21,4,20,2266.0,1693,1.0661046121532134
0.02,3,14,13,21,4,20,2266.0,1693,1.0661046121532134
0.015,3,14,13,21,4,20,2266.0,1693,1.0661046121532134
0.02,5,14,13,21,4,20,2266.0,1693,1.0661046121532134
0.02,8,14,13,21,4,20,2266.0,1693,1.0661046121532134
0.01,3,14,13,21,4,20,2266.0,1693,1.0661046121532134
0.015,5,14,13,21,4,20,2266.0,1693,1.0661046121532134
0.015,8,14,13,21,4,20,2266.0,1693,1.0661046121532134
0.01,8,14,13,21,4,20,2266.0,1693,1.0661046121532134
0.01,3,14,5,21,4,20,2255.0,2454,1.05602345283347
0.02,8,14,5,21,4,20,2255.0,2454,1.05602345283347
0.015,3,14,5,21,4,20,2255.0,2454,1.05602345283347
0.02,5,14,5,21,4,20,2255.0,2454,1.05602345283347
0.01,5,14,5,21,4,20,2255.0,2454,1.05602345283347
0.015,8,14,5,21,4,20,2255.0,2454,1.05602345283347
0.01,8,14,5,21,4,20,2255.0,2454,1.05602345283347
0.02,3,14,5,21,4,20,2255.0,2454,1.05602345283347
0.015,5,14,5,21,4,20,2255.0,2454,1.05602345283347
0.02,5,14,13,21,3,10,2223.0,2861,1.0577072841493174
0.015,3,14,13,21,3,10,2223.0,2861,1.0577072841493174
0.015,5,14,13,21,3,10,2223.0,2861,1.0577072841493174
0.02,3,14,13,21,3,10,2223.0,2861,1.0577072841493174
0.01,5,14,13,21,3,10,2223.0,2861,1.0577072841493174
0.015,8,14,13,21,3,10,2223.0,2861,1.0577072841493174
0.01,3,14,13,21,3,10,2223.0,2861,1.0577072841493174
0.01,8,14,13,21,3,10,2223.0,2861,1.0577072841493174
0.02,8,14,13,21,3,10,2223.0,2861,1.0577072841493174
0.01,3,14,8,21,4,10,2195.0,2286,1.0565226348045527
0.02,3,14,8,21,4,10,2195.0,2286,1.0565226348045527
0.015,8,14,8,21,4,10,2195.0,2286,1.0565226348045527
0.01,8,14,8,21,4,10,2195.0,2286,1.0565226348045527
0.02,8,14,8,21,4,10,2195.0,2286,1.0565226348045527
0.015,3,14,8,21,4,10,2195.0,2286,1.0565226348045527
0.02,5,14,8,21,4,10,2195.0,2286,1.0565226348045527
0.015,5,14,8,21,4,10,2195.0,2286,1.0565226348045527
0.01,5,14,8,21,4,10,2195.0,2286,1.0565226348045527
0.015,3,10,8,14,4,10,2192.0,3681,1.047618013164469
0.01,5,10,8,14,4,10,2192.0,3681,1.047618013164469
0.015,5,10,8,14,4,10,2192.0,3681,1.047618013164469
0.02,8,10,8,14,4,10,2192.0,3681,1.047618013164469
0.02,3,10,8,14,4,10,2192.0,3681,1.047618013164469
0.01,8,10,8,14,4,10,2192.0,3681,1.047618013164469
0.015,8,10,8,14,4,10,2192.0,3681,1.047618013164469
0.02,5,10,8,14,4,10,2192.0,3681,1.047618013164469
0.01,3,10,8,14,4,10,2192.0,3681,1.047618013164469
0.02,5,14,13,21,4,10,2181.0,1932,1.0608571906914448
0.015,8,14,13,21,4,10,2181.0,1932,1.0608571906914448
0.02,3,14,13,21,4,10,2181.0,1932,1.0608571906914448
0.02,8,14,13,21,4,10,2181.0,1932,1.0608571906914448
0.01,8,14,13,21,4,10,2181.0,1932,1.0608571906914448
0.01,3,14,13,21,4,10,2181.0,1932,1.0608571906914448
0.01,5,14,13,21,4,10,2181.0,1932,1.0608571906914448
0.015,3,14,13,21,4,10,2181.0,1932,1.0608571906914448
0.015,5,14,13,21,4,10,2181.0,1932,1.0608571906914448
0.01,3,10,5,21,3,10,2112.0,3920,1.0466812545587163
0.015,5,10,5,21,3,10,2112.0,3920,1.0466812545587163
0.02,3,10,5,21,3,10,2112.0,3920,1.0466812545587163
0.01,8,10,5,21,3,10,2112.0,3920,1.0466812545587163
0.01,5,10,5,21,3,10,2112.0,3920,1.0466812545587163
0.02,8,10,5,21,3,10,2112.0,3920,1.0466812545587163
0.015,3,10,5,21,3,10,2112.0,3920,1.0466812545587163
0.02,5,10,5,21,3,10,2112.0,3920,1.0466812545587163
0.015,8,10,5,21,3,10,2112.0,3920,1.0466812545587163
0.015,5,21,13,21,3,10,2071.0,2862,1.053410702772405
0.02,5,21,13,21,3,10,2071.0,2862,1.053410702772405
0.01,3,21,13,21,3,10,2071.0,2862,1.053410702772405
0.02,3,21,13,21,3,10,2071.0,2862,1.053410702772405
0.01,5,21,13,21,3,10,2071.0,2862,1.053410702772405
0.015,8,21,13,21,3,10,2071.0,2862,1.053410702772405
0.015,3,21,13,21,3,10,2071.0,2862,1.053410702772405
0.01,8,21,13,21,3,10,2071.0,2862,1.053410702772405
0.02,8,21,13,21,3,10,2071.0,2862,1.053410702772405
0.02,3,10,13,21,4,20,2002.0,1630,1.0588563868881375
0.01,5,10,13,21,4,20,2002.0,1630,1.0588563868881375
0.015,8,10,13,21,4,20,2002.0,1630,1.0588563868881375
0.015,5,10,13,21,4,20,2002.0,1630,1.0588563868881375
0.01,3,10,13,21,4,20,2002.0,1630,1.0588563868881375
0.02,8,10,13,21,4,20,2002.0,1630,1.0588563868881375
0.01,8,10,13,21,4,20,2002.0,1630,1.0588563868881375
0.015,3,10,13,21,4,20,2002.0,1630,1.0588563868881375
0.02,5,10,13,21,4,20,2002.0,1630,1.0588563868881375
0.01,5,21,5,21,3,10,1997.0,4074,1.0436922942283289
0.02,8,21,5,21,3,10,1997.0,4074,1.0436922942283289
0.01,8,21,5,21,3,10,1997.0,4074,1.0436922942283289
0.015,5,21,5,21,3,10,1997.0,4074,1.0436922942283289
0.02,3,21,5,21,3,10,1997.0,4074,1.0436922942283289
0.015,8,21,5,21,3,10,1997.0,4074,1.0436922942283289
0.015,3,21,5,21,3,10,1997.0,4074,1.0436922942283289
0.01,3,21,5,21,3,10,1997.0,4074,1.0436922942283289
0.02,5,21,5,21,3,10,1997.0,4074,1.0436922942283289
0.01,3,21,13,14,3,20,1979.0,3807,1.0474694171264092
0.015,5,21,13,14,3,20,1979.0,3807,1.0474694171264092
0.015,3,21,13,14,3,20,1979.0,3807,1.0474694171264092
0.01,8,21,13,14,3,20,1979.0,3807,1.0474694171264092
0.01,5,21,13,14,3,20,1979.0,3807,1.0474694171264092
0.015,8,21,13,14,3,20,1979.0,3807,1.0474694171264092
0.02,5,21,13,14,3,20,1979.0,3807,1.0474694171264092
0.02,3,21,13,14,3,20,1979.0,3807,1.0474694171264092
0.02,8,21,13,14,3,20,1979.0,3807,1.0474694171264092
0.015,5,21,5,14,4,20,1973.0,3860,1.0414052170993264
0.01,3,21,5,14,4,20,1973.0,3860,1.0414052170993264
0.01,5,21,5,14,4,20,1973.0,3860,1.0414052170993264
0.015,3,21,5,14,4,20,1973.0,3860,1.0414052170993264
0.02,3,21,5,14,4,20,1973.0,3860,1.0414052170993264
0.02,5,21,5,14,4,20,1973.0,3860,1.0414052170993264
0.015,8,21,5,14,4,20,1973.0,3860,1.0414052170993264
0.02,8,21,5,14,4,20,1973.0,3860,1.0414052170993264
0.01,8,21,5,14,4,20,1973.0,3860,1.0414052170993264
0.02,3,21,8,14,4,10,1963.0,3566,1.0431494955267844
0.01,8,21,8,14,4,10,1963.0,3566,1.0431494955267844
0.02,8,21,8,14,4,10,1963.0,3566,1.0431494955267844
0.01,3,21,8,14,4,10,1963.0,3566,1.0431494955267844
0.015,3,21,8,14,4,10,1963.0,3566,1.0431494955267844
0.01,5,21,8,14,4,10,1963.0,3566,1.0431494955267844
0.02,5,21,8,14,4,10,1963.0,3566,1.0431494955267844
0.015,8,21,8,14,4,10,1963.0,3566,1.0431494955267844
0.015,5,21,8,14,4,10,1963.0,3566,1.0431494955267844
0.015,8,14,8,21,3,20,1954.0,2809,1.049541098321586
0.015,5,14,8,21,3,20,1954.0,2809,1.049541098321586
0.01,8,14,8,21,3,20,1954.0,2809,1.049541098321586
0.01,3,14,8,21,3,20,1954.0,2809,1.049541098321586
0.02,8,14,8,21,3,20,1954.0,2809,1.049541098321586
0.015,3,14,8,21,3,20,1954.0,2809,1.049541098321586
0.01,5,14,8,21,3,20,1954.0,2809,1.049541098321586
0.02,5,14,8,21,3,20,1954.0,2809,1.049541098321586
0.02,3,14,8,21,3,20,1954.0,2809,1.049541098321586
0.01,8,14,8,21,4,20,1952.0,2007,1.0523661337053332
0.01,3,14,8,21,4,20,1952.0,2007,1.0523661337053332
0.01,5,14,8,21,4,20,1952.0,2007,1.0523661337053332
0.015,5,14,8,21,4,20,1952.0,2007,1.0523661337053332
0.015,8,14,8,21,4,20,1952.0,2007,1.0523661337053332
0.015,3,14,8,21,4,20,1952.0,2007,1.0523661337053332
0.02,8,14,8,21,4,20,1952.0,2007,1.0523661337053332
0.02,3,14,8,21,4,20,1952.0,2007,1.0523661337053332
0.02,5,14,8,21,4,20,1952.0,2007,1.0523661337053332
0.02,8,10,13,21,3,10,1887.0,2609,1.0492290835094311
0.015,3,10,13,21,3,10,1887.0,2609,1.0492290835094311
0.02,5,10,13,21,3,10,1887.0,2609,1.0492290835094311
0.01,3,10,13,21,3,10,1887.0,2609,1.0492290835094311
0.01,8,10,13,21,3,10,1887.0,2609,1.0492290835094311
0.02,3,10,13,21,3,10,1887.0,2609,1.0492290835094311
0.015,5,10,13,21,3,10,1887.0,2609,1.0492290835094311
0.015,8,10,13,21,3,10,1887.0,2609,1.0492290835094311
0.01,5,10,13,21,3,10,1887.0,2609,1.0492290835094311
0.01,3,21,5,14,3,20,1858.0,5318,1.0357713559615718
0.02,8,21,5,14,3,20,1858.0,5318,1.0357713559615718
0.015,3,21,5,14,3,20,1858.0,5318,1.0357713559615718
0.015,8,21,5,14,3,20,1858.0,5318,1.0357713559615718
0.015,5,21,5,14,3,20,1858.0,5318,1.0357713559615718
0.02,5,21,5,14,3,20,1858.0,5318,1.0357713559615718
0.01,5,21,5,14,3,20,1858.0,5318,1.0357713559615718
0.01,8,21,5,14,3,20,1858.0,5318,1.0357713559615718
0.02,3,21,5,14,3,20,1858.0,5318,1.0357713559615718
0.01,8,21,13,21,4,20,1808.0,1622,1.0531280303252917
0.02,3,21,13,21,4,20,1808.0,1622,1.0531280303252917
0.01,3,21,13,21,4,20,1808.0,1622,1.0531280303252917
0.01,5,21,13,21,4,20,1808.0,1622,1.0531280303252917
0.015,5,21,13,21,4,20,1808.0,1622,1.0531280303252917
0.015,3,21,13,21,4,20,1808.0,1622,1.0531280303252917
0.015,8,21,13,21,4,20,1808.0,1622,1.0531280303252917
0.02,8,21,13,21,4,20,1808.0,1622,1.0531280303252917
0.02,5,21,13,21,4,20,1808.0,1622,1.0531280303252917
0.01,8,21,13,21,4,10,1775.0,1823,1.0500451110860494
0.02,3,21,13,21,4,10,1775.0,1823,1.0500451110860494
0.02,5,21,13,21,4,10,1775.0,1823,1.0500451110860494
0.02,8,21,13,21,4,10,1775.0,1823,1.0500451110860494
0.01,3,21,13,21,4,10,1775.0,1823,1.0500451110860494
0.01,5,21,13,21,4,10,1775.0,1823,1.0500451110860494
0.015,3,21,13,21,4,10,1775.0,1823,1.0500451110860494
0.015,5,21,13,21,4,10,1775.0,1823,1.0500451110860494
0.015,8,21,13,21,4,10,1775.0,1823,1.0500451110860494
0.015,5,21,8,14,3,20,1765.0,4528,1.037227647592331
0.02,8,21,8,14,3,20,1765.0,4528,1.037227647592331
0.015,8,21,8,14,3,20,1765.0,4528,1.037227647592331
0.015,3,21,8,14,3,20,1765.0,4528,1.037227647592331
0.02,3,21,8,14,3,20,1765.0,4528,1.037227647592331
0.01,5,21,8,14,3,20,1765.0,4528,1.037227647592331
0.01,3,21,8,14,3,20,1765.0,4528,1.037227647592331
0.01,8,21,8,14,3,20,1765.0,4528,1.037227647592331
0.02,5,21,8,14,3,20,1765.0,4528,1.037227647592331
0.015,5,14,8,21,3,10,1737.0,3350,1.0416057869649573
0.015,3,14,8,21,3,10,1737.0,3350,1.0416057869649573
0.015,8,14,8,21,3,10,1737.0,3350,1.0416057869649573
0.02,8,14,8,21,3,10,1737.0,3350,1.0416057869649573
0.01,8,14,8,21,3,10,1737.0,3350,1.0416057869649573
0.02,3,14,8,21,3,10,1737.0,3350,1.0416057869649573
0.01,5,14,8,21,3,10,1737.0,3350,1.0416057869649573
0.02,5,14,8,21,3,10,1737.0,3350,1.0416057869649573
0.01,3,14,8,21,3,10,1737.0,3350,1.0416057869649573
0.01,5,10,13,21,4,10,1672.0,1841,1.047066771759937
0.02,5,10,13,21,4,10,1672.0,1841,1.047066771759937
0.01,8,10,13,21,4,10,1672.0,1841,1.047066771759937
0.02,8,10,13,21,4,10,1672.0,1841,1.047066771759937
0.01,3,10,13,21,4,10,1672.0,1841,1.047066771759937
0.015,3,10,13,21,4,10,1672.0,1841,1.047066771759937
0.02,3,10,13,21,4,10,1672.0,1841,1.047066771759937
0.015,8,10,13,21,4,10,1672.0,1841,1.047066771759937
0.015,5,10,13,21,4,10,1672.0,1841,1.047066771759937
0.02,3,14,13,14,3,20,1641.0,3797,1.038524744107428
0.02,8,14,13,14,3,20,1641.0,3797,1.038524744107428
0.015,5,14,13,14,3,20,1641.0,3797,1.038524744107428
0.015,8,14,13,14,3,20,1641.0,3797,1.038524744107428
0.015,3,14,13,14,3,20,1641.0,3797,1.038524744107428
0.01,3,14,13,14,3,20,1641.0,3797,1.038524744107428
0.01,8,14,13,14,3,20,1641.0,3797,1.038524744107428
0.01,5,14,13,14,3,20,1641.0,3797,1.038524744107428
0.02,5,14,13,14,3,20,1641.0,3797,1.038524744107428
0.01,5,21,8,14,4,20,1636.0,3130,1.0378791386895114
0.015,3,21,8,14,4,20,1636.0,3130,1.0378791386895114
0.02,3,21,8,14,4,20,1636.0,3130,1.0378791386895114
0.01,8,21,8,14,4,20,1636.0,3130,1.0378791386895114
0.01,3,21,8,14,4,20,1636.0,3130,1.0378791386895114
0.02,8,21,8,14,4,20,1636.0,3130,1.0378791386895114
0.015,5,21,8,14,4,20,1636.0,3130,1.0378791386895114
0.015,8,21,8,14,4,20,1636.0,3130,1.0378791386895114
0.02,5,21,8,14,4,20,1636.0,3130,1.0378791386895114
0.01,8,21,8,14,3,10,1631.0,5460,1.0321145174946345
0.015,5,21,8,14,3,10,1631.0,5460,1.0321145174946345
0.015,8,21,8,14,3,10,1631.0,5460,1.0321145174946345
0.02,3,21,8,14,3,10,1631.0,5460,1.0321145174946345
0.01,5,21,8,14,3,10,1631.0,5460,1.0321145174946345
0.02,5,21,8,14,3,10,1631.0,5460,1.0321145174946345
0.01,3,21,8,14,3,10,1631.0,5460,1.0321145174946345
0.015,3,21,8,14,3,10,1631.0,5460,1.0321145174946345
0.02,8,21,8,14,3,10,1631.0,5460,1.0321145174946345
0.02,8,10,8,14,4,20,1606.0,3235,1.036235644502606
0.01,5,10,8,14,4,20,1606.0,3235,1.036235644502606
0.015,8,10,8,14,4,20,1606.0,3235,1.036235644502606
0.015,5,10,8,14,4,20,1606.0,3235,1.036235644502606
0.02,3,10,8,14,4,20,1606.0,3235,1.036235644502606
0.01,3,10,8,14,4,20,1606.0,3235,1.036235644502606
0.02,5,10,8,14,4,20,1606.0,3235,1.036235644502606
0.015,3,10,8,14,4,20,1606.0,3235,1.036235644502606
0.01,8,10,8,14,4,20,1606.0,3235,1.036235644502606
0.015,5,10,13,14,3,20,1604.0,3568,1.037962699990533
0.02,8,10,13,14,3,20,1604.0,3568,1.037962699990533
0.01,8,10,13,14,3,20,1604.0,3568,1.037962699990533
0.015,3,10,13,14,3,20,1604.0,3568,1.037962699990533
0.01,5,10,13,14,3,20,1604.0,3568,1.037962699990533
0.01,3,10,13,14,3,20,1604.0,3568,1.037962699990533
0.015,8,10,13,14,3,20,1604.0,3568,1.037962699990533
0.02,5,10,13,14,3,20,1604.0,3568,1.037962699990533
0.02,3,10,13,14,3,20,1604.0,3568,1.037962699990533
0.02,8,14,5,21,4,10,1568.0,2936,1.036692095287125
0.01,5,14,5,21,4,10,1568.0,2936,1.036692095287125
0.01,3,14,5,21,4,10,1568.0,2936,1.036692095287125
0.015,8,14,5,21,4,10,1568.0,2936,1.036692095287125
0.015,5,14,5,21,4,10,1568.0,2936,1.036692095287125
0.02,5,14,5,21,4,10,1568.0,2936,1.036692095287125
0.02,3,14,5,21,4,10,1568.0,2936,1.036692095287125
0.01,8,14,5,21,4,10,1568.0,2936,1.036692095287125
0.015,3,14,5,21,4,10,1568.0,2936,1.036692095287125
0.02,5,14,5,21,3,20,1550.0,3238,1.0361457021594143
0.01,5,14,5,21,3,20,1550.0,3238,1.0361457021594143
0.02,8,14,5,21,3,20,1550.0,3238,1.0361457021594143
0.015,3,14,5,21,3,20,1550.0,3238,1.0361457021594143
0.02,3,14,5,21,3,20,1550.0,3238,1.0361457021594143
0.01,8,14,5,21,3,20,1550.0,3238,1.0361457021594143
0.01,3,14,5,21,3,20,1550.0,3238,1.0361457021594143
0.015,8,14,5,21,3,20,1550.0,3238,1.0361457021594143
0.015,5,14,5,21,3,20,1550.0,3238,1.0361457021594143
0.02,3,10,8,14,3,20,1521.0,4444,1.0315664951021086
0.01,8,10,8,14,3,20,1521.0,4444,1.0315664951021086
0.01,5,10,8,14,3,20,1521.0,4444,1.0315664951021086
0.02,8,10,8,14,3,20,1521.0,4444,1.0315664951021086
0.02,5,10,8,14,3,20,1521.0,4444,1.0315664951021086
0.015,3,10,8,14,3,20,1521.0,4444,1.0315664951021086
0.01,3,10,8,14,3,20,1521.0,4444,1.0315664951021086
0.015,8,10,8,14,3,20,1521.0,4444,1.0315664951021086
0.015,5,10,8,14,3,20,1521.0,4444,1.0315664951021086
0.02,8,10,8,14,3,10,1474.0,5431,1.0288527414019222
0.015,3,10,8,14,3,10,1474.0,5431,1.0288527414019222
0.02,5,10,8,14,3,10,1474.0,5431,1.0288527414019222
0.01,3,10,8,14,3,10,1474.0,5431,1.0288527414019222
0.015,8,10,8,14,3,10,1474.0,5431,1.0288527414019222
0.02,3,10,8,14,3,10,1474.0,5431,1.0288527414019222
0.015,5,10,8,14,3,10,1474.0,5431,1.0288527414019222
0.01,5,10,8,14,3,10,1474.0,5431,1.0288527414019222
0.01,8,10,8,14,3,10,1474.0,5431,1.0288527414019222
0.01,8,21,5,14,3,10,1366.0,6570,1.0242848761755765
0.015,3,21,5,14,3,10,1366.0,6570,1.0242848761755765
0.015,8,21,5,14,3,10,1366.0,6570,1.0242848761755765
0.02,5,21,5,14,3,10,1366.0,6570,1.0242848761755765
0.02,3,21,5,14,3,10,1366.0,6570,1.0242848761755765
0.01,5,21,5,14,3,10,1366.0,6570,1.0242848761755765
0.015,5,21,5,14,3,10,1366.0,6570,1.0242848761755765
0.02,8,21,5,14,3,10,1366.0,6570,1.0242848761755765
0.01,3,21,5,14,3,10,1366.0,6570,1.0242848761755765
0.02,8,14,8,14,3,20,1298.0,4487,1.026788846923823
0.01,3,14,8,14,3,20,1298.0,4487,1.026788846923823
0.015,8,14,8,14,3,20,1298.0,4487,1.026788846923823
0.015,5,14,8,14,3,20,1298.0,4487,1.026788846923823
0.02,5,14,8,14,3,20,1298.0,4487,1.026788846923823
0.02,3,14,8,14,3,20,1298.0,4487,1.026788846923823
0.015,3,14,8,14,3,20,1298.0,4487,1.026788846923823
0.01,8,14,8,14,3,20,1298.0,4487,1.026788846923823
0.01,5,14,8,14,3,20,1298.0,4487,1.026788846923823
0.01,8,10,5,14,4,20,1296.0,3913,1.0266842365343436
0.01,5,10,5,14,4,20,1296.0,3913,1.0266842365343436
0.015,3,10,5,14,4,20,1296.0,3913,1.0266842365343436
0.02,5,10,5,14,4,20,1296.0,3913,1.0266842365343436
0.01,3,10,5,14,4,20,1296.0,3913,1.0266842365343436
0.015,5,10,5,14,4,20,1296.0,3913,1.0266842365343436
0.02,3,10,5,14,4,20,1296.0,3913,1.0266842365343436
0.015,8,10,5,14,4,20,1296.0,3913,1.0266842365343436
0.02,8,10,5,14,4,20,1296.0,3913,1.0266842365343436
0.02,5,14,8,14,4,10,1285.0,3588,1.027815659025478
0.02,8,14,8,14,4,10,1285.0,3588,1.027815659025478
0.015,3,14,8,14,4,10,1285.0,3588,1.027815659025478
0.01,3,14,8,14,4,10,1285.0,3588,1.027815659025478
0.01,5,14,8,14,4,10,1285.0,3588,1.027815659025478
0.01,8,14,8,14,4,10,1285.0,3588,1.027815659025478
0.02,3,14,8,14,4,10,1285.0,3588,1.027815659025478
0.015,8,14,8,14,4,10,1285.0,3588,1.027815659025478
0.015,5,14,8,14,4,10,1285.0,3588,1.027815659025478
0.01,5,10,5,14,4,10,1252.0,4685,1.0241512345679011
0.02,8,10,5,14,4,10,1252.0,4685,1.0241512345679011
0.01,3,10,5,14,4,10,1252.0,4685,1.0241512345679011
0.015,3,10,5,14,4,10,1252.0,4685,1.0241512345679011
0.02,5,10,5,14,4,10,1252.0,4685,1.0241512345679011
0.01,8,10,5,14,4,10,1252.0,4685,1.0241512345679011
0.02,3,10,5,14,4,10,1252.0,4685,1.0241512345679011
0.015,8,10,5,14,4,10,1252.0,4685,1.0241512345679011
0.015,5,10,5,14,4,10,1252.0,4685,1.0241512345679011
0.02,8,14,13,14,3,10,1228.0,4501,1.0268280427326153
0.01,3,14,13,14,3,10,1228.0,4501,1.0268280427326153
0.015,5,14,13,14,3,10,1228.0,4501,1.0268280427326153
0.015,3,14,13,14,3,10,1228.0,4501,1.0268280427326153
0.015,8,14,13,14,3,10,1228.0,4501,1.0268280427326153
0.01,8,14,13,14,3,10,1228.0,4501,1.0268280427326153
0.02,5,14,13,14,3,10,1228.0,4501,1.0268280427326153
0.01,5,14,13,14,3,10,1228.0,4501,1.0268280427326153
0.02,3,14,13,14,3,10,1228.0,4501,1.0268280427326153
0.015,5,21,5,14,4,10,1187.0,4603,1.0230965306559259
0.02,8,21,5,14,4,10,1187.0,4603,1.0230965306559259
0.015,8,21,5,14,4,10,1187.0,4603,1.0230965306559259
0.015,3,21,5,14,4,10,1187.0,4603,1.0230965306559259
0.01,5,21,5,14,4,10,1187.0,4603,1.0230965306559259
0.01,8,21,5,14,4,10,1187.0,4603,1.0230965306559259
0.02,3,21,5,14,4,10,1187.0,4603,1.0230965306559259
0.02,5,21,5,14,4,10,1187.0,4603,1.0230965306559259
0.01,3,21,5,14,4,10,1187.0,4603,1.0230965306559259
0.02,3,14,8,14,3,10,1176.0,5462,1.022852701127089
0.02,5,14,8,14,3,10,1176.0,5462,1.022852701127089
0.01,5,14,8,14,3,10,1176.0,5462,1.022852701127089
0.015,5,14,8,14,3,10,1176.0,5462,1.022852701127089
0.015,8,14,8,14,3,10,1176.0,5462,1.022852701127089
0.01,3,14,8,14,3,10,1176.0,5462,1.022852701127089
0.02,8,14,8,14,3,10,1176.0,5462,1.022852701127089
0.015,3,14,8,14,3,10,1176.0,5462,1.022852701127089
0.01,8,14,8,14,3,10,1176.0,5462,1.022852701127089
0.015,5,21,13,14,3,10,1173.0,4482,1.0261136712749617
0.015,8,21,13,14,3,10,1173.0,4482,1.0261136712749617
0.02,5,21,13,14,3,10,1173.0,4482,1.0261136712749617
0.01,3,21,13,14,3,10,1173.0,4482,1.0261136712749617
0.02,3,21,13,14,3,10,1173.0,4482,1.0261136712749617
0.01,5,21,13,14,3,10,1173.0,4482,1.0261136712749617
0.01,8,21,13,14,3,10,1173.0,4482,1.0261136712749617
0.02,8,21,13,14,3,10,1173.0,4482,1.0261136712749617
0.015,3,21,13,14,3,10,1173.0,4482,1.0261136712749617
0.01,3,14,13,14,4,10,1048.0,2967,1.0253740738947266
0.015,3,14,13,14,4,10,1048.0,2967,1.0253740738947266
0.015,8,14,13,14,4,10,1048.0,2967,1.0253740738947266
0.02,8,14,13,14,4,10,1048.0,2967,1.0253740738947266
0.015,5,14,13,14,4,10,1048.0,2967,1.0253740738947266
0.01,8,14,13,14,4,10,1048.0,2967,1.0253740738947266
0.02,3,14,13,14,4,10,1048.0,2967,1.0253740738947266
0.02,5,14,13,14,4,10,1048.0,2967,1.0253740738947266
0.01,5,14,13,14,4,10,1048.0,2967,1.0253740738947266
